                  epoch,         train/box_loss,         train/cls_loss,         train/dfl_loss,   metrics/precision(B),      metrics/recall(B),       metrics/mAP50(B),    metrics/mAP50-95(B),           val/box_loss,           val/cls_loss,           val/dfl_loss,                 lr/pg0,                 lr/pg1,                 lr/pg2
                      1,                 3.1312,                 3.5881,                 4.3379,                 0.0028,                   0.84,                0.00919,                0.00342,                 3.3504,                 4.1625,                 4.1589,                  2e-05,                  2e-05,                  2e-05
                      2,                  3.156,                 3.5888,                 4.2992,                0.00267,                    0.8,                0.01058,                0.00378,                   3.35,                 4.1633,                 4.1589,              4.812e-05,              4.812e-05,              4.812e-05
                      3,                  3.706,                 3.7041,                 4.2503,                 0.0028,                   0.84,                0.01183,                  0.004,                 3.3509,                 4.1608,                 4.1586,               6.04e-05,               6.04e-05,               6.04e-05
                      4,                 3.1759,                 3.5734,                 4.2577,                 0.0028,                   0.84,                0.01583,                 0.0062,                 3.3497,                 4.1609,                 4.1582,              5.684e-05,              5.684e-05,              5.684e-05
                      5,                 3.1721,                 3.5906,                 4.2724,                0.00267,                    0.8,                0.04215,                0.01286,                   3.35,                  4.158,                 4.1577,              3.744e-05,              3.744e-05,              3.744e-05
